filename,width,height,class,xmin,ymin,xmax,ymax
esophagitis1.jpg,1280,1024,esophagitis,333,622,612,834
esophagitis10.jpg,1280,1024,esophagitis,800,125,1153,383
esophagitis100.jpg,1280,1024,esophagitis,384,571,787,866
esophagitis101.jpg,1280,1024,esophagitis,923,188,1224,478
esophagitis102.jpg,1280,1024,esophagitis,740,203,1114,522
esophagitis103.jpg,1920,1072,esophagitis,843,608,1408,1035
esophagitis104.jpg,1280,1024,esophagitis,337,326,703,653
esophagitis105.jpg,1280,1024,esophagitis,635,128,964,390
esophagitis106.jpg,1280,1024,esophagitis,436,482,890,839
esophagitis107.jpg,1280,1024,esophagitis,703,300,1061,680
esophagitis108.jpg,1280,1024,esophagitis,558,513,941,831
esophagitis109.jpg,1920,1072,esophagitis,1021,424,1498,817
esophagitis11.jpg,1280,1024,esophagitis,519,459,776,666
esophagitis110.jpg,1280,1024,esophagitis,340,102,749,425
esophagitis111.jpg,1280,1024,esophagitis,627,215,1028,552
esophagitis112.jpg,1280,1024,esophagitis,787,200,1164,577
esophagitis113.jpg,1280,1024,esophagitis,796,342,1185,642
esophagitis114.jpg,1280,1024,esophagitis,412,628,720,992
esophagitis115.jpg,1280,1024,esophagitis,610,36,974,335
esophagitis116.jpg,1280,1024,esophagitis,519,553,918,868
esophagitis117.jpg,1280,1024,esophagitis,446,143,914,460
esophagitis118.jpg,1280,1024,esophagitis,195,511,551,780
esophagitis119.jpg,1920,1072,esophagitis,1070,59,1461,408
esophagitis12.jpg,1920,1072,esophagitis,1289,167,1670,455
esophagitis120.jpg,1280,1024,esophagitis,184,613,572,912
esophagitis121.jpg,1280,1024,esophagitis,593,444,1015,756
esophagitis122.jpg,1920,1072,esophagitis,984,579,1464,962
esophagitis123.jpg,1920,1072,esophagitis,861,568,1334,955
esophagitis124.jpg,1280,1024,esophagitis,219,166,534,505
esophagitis125.jpg,1280,1024,esophagitis,273,506,651,847
esophagitis126.jpg,1280,1024,esophagitis,253,375,599,666
esophagitis127.jpg,1280,1024,esophagitis,308,529,687,870
esophagitis128.jpg,1280,1024,esophagitis,563,570,918,888
esophagitis129.jpg,1280,1024,esophagitis,438,210,786,510
esophagitis13.jpg,1280,1024,esophagitis,764,609,1052,846
esophagitis130.jpg,1280,1024,esophagitis,503,88,842,369
esophagitis131.jpg,1280,1024,esophagitis,698,62,1030,369
esophagitis132.jpg,1280,1024,esophagitis,822,271,1175,599
esophagitis133.jpg,1920,1072,esophagitis,1371,190,1759,474
esophagitis134.jpg,1280,1024,esophagitis,313,528,675,813
esophagitis135.jpg,1920,1072,esophagitis,763,374,1159,747
esophagitis136.jpg,1280,1024,esophagitis,206,341,552,651
esophagitis137.jpg,720,576,esophagitis,346,96,538,294
esophagitis138.jpg,1280,1024,esophagitis,710,532,1101,856
esophagitis139.jpg,1280,1024,esophagitis,636,595,1002,907
esophagitis14.jpg,1280,1024,esophagitis,518,662,866,899
esophagitis140.jpg,1280,1024,esophagitis,709,128,1087,469
esophagitis141.jpg,1280,1024,esophagitis,451,97,863,416
esophagitis142.jpg,1280,1024,esophagitis,217,298,623,600
esophagitis143.jpg,1280,1024,esophagitis,728,537,1046,788
esophagitis144.jpg,1920,1072,esophagitis,945,539,1389,887
esophagitis145.jpg,1280,1024,esophagitis,360,212,736,523
esophagitis146.jpg,1280,1024,esophagitis,516,71,870,337
esophagitis147.jpg,1280,1024,esophagitis,788,387,1153,673
esophagitis148.jpg,1280,1024,esophagitis,785,133,1127,444
esophagitis149.jpg,1280,1024,esophagitis,648,157,1017,458
esophagitis15.jpg,1280,1024,esophagitis,757,590,1106,850
esophagitis150.jpg,1920,1072,esophagitis,1233,211,1648,591
esophagitis151.jpg,1280,1024,esophagitis,756,293,1091,645
esophagitis152.jpg,1280,1024,esophagitis,583,580,933,852
esophagitis153.jpg,1280,1024,esophagitis,512,135,821,437
esophagitis154.jpg,1920,1072,esophagitis,1098,657,1485,1007
esophagitis155.jpg,1280,1024,esophagitis,583,668,943,951
esophagitis156.jpg,1280,1024,esophagitis,358,404,667,686
esophagitis157.jpg,1280,1024,esophagitis,668,396,1025,705
esophagitis158.jpg,1280,1024,esophagitis,750,193,1115,480
esophagitis159.jpg,1920,1072,esophagitis,1286,113,1774,458
esophagitis16.jpg,1280,1024,esophagitis,744,503,1087,750
esophagitis160.jpg,1280,1024,esophagitis,514,354,911,642
esophagitis161.jpg,1280,1024,esophagitis,891,215,1181,540
esophagitis162.jpg,1920,1072,esophagitis,693,3,1028,317
esophagitis163.jpg,1280,1024,esophagitis,387,537,791,892
esophagitis164.jpg,1280,1024,esophagitis,853,482,1191,751
esophagitis165.jpg,1280,1024,esophagitis,362,627,677,880
esophagitis166.jpg,1280,1024,esophagitis,384,378,712,673
esophagitis167.jpg,1280,1024,esophagitis,691,547,1051,862
esophagitis168.jpg,1280,1024,esophagitis,434,630,873,890
esophagitis169.jpg,1280,1024,esophagitis,859,465,1181,768
esophagitis17.jpg,1280,1024,esophagitis,373,206,715,478
esophagitis170.jpg,1280,1024,esophagitis,537,288,867,558
esophagitis171.jpg,1280,1024,esophagitis,757,427,1060,740
esophagitis172.jpg,1280,1024,esophagitis,726,383,1053,689
esophagitis173.jpg,1920,1072,esophagitis,1109,514,1554,832
esophagitis174.jpg,1280,1024,esophagitis,667,431,979,726
esophagitis175.jpg,1280,1024,esophagitis,792,214,1071,432
esophagitis176.jpg,1280,1024,esophagitis,477,9,785,266
esophagitis177.jpg,720,576,esophagitis,275,45,503,224
esophagitis178.jpg,1920,1072,esophagitis,1263,104,1619,391
esophagitis179.jpg,1280,1024,esophagitis,889,225,1221,510
esophagitis18.jpg,1280,1024,esophagitis,639,447,1008,930
esophagitis180.jpg,1280,1024,esophagitis,907,559,1183,794
esophagitis181.jpg,1920,1072,esophagitis,829,54,1236,393
esophagitis182.jpg,1280,1024,esophagitis,543,396,963,721
esophagitis183.jpg,1280,1024,esophagitis,665,556,1038,808
esophagitis184.jpg,1280,1024,esophagitis,84,172,453,503
esophagitis185.jpg,1280,1024,esophagitis,276,107,620,394
esophagitis186.jpg,1280,1024,esophagitis,974,489,1215,782
esophagitis187.jpg,1280,1024,esophagitis,592,597,944,872
esophagitis188.jpg,1920,1072,esophagitis,763,10,1185,330
esophagitis189.jpg,1280,1024,esophagitis,217,589,565,877
esophagitis19.jpg,1920,1072,esophagitis,1370,330,1716,603
esophagitis190.jpg,1280,1024,esophagitis,614,175,942,394
esophagitis191.jpg,1280,1024,esophagitis,601,226,907,538
esophagitis192.jpg,1920,1072,esophagitis,1156,163,1553,573
esophagitis193.jpg,1280,1024,esophagitis,573,468,886,776
esophagitis194.jpg,1280,1024,esophagitis,438,354,748,666
esophagitis195.jpg,1280,1024,esophagitis,581,680,923,945
esophagitis196.jpg,1280,1024,esophagitis,558,626,890,916
esophagitis197.jpg,1280,1024,esophagitis,562,214,826,394
esophagitis198.jpg,1280,1024,esophagitis,453,464,906,760
esophagitis199.jpg,1280,1024,esophagitis,869,183,1197,505
esophagitis2.jpg,1280,1024,esophagitis,402,162,679,379
esophagitis20.jpg,1280,1024,esophagitis,497,546,870,903
esophagitis200.jpg,1280,1024,esophagitis,565,65,823,289
esophagitis201.jpg,1280,1024,esophagitis,420,326,730,614
esophagitis202.jpg,1280,1024,esophagitis,130,369,405,602
esophagitis203.jpg,1920,1072,esophagitis,1121,685,1505,983
esophagitis204.jpg,1280,1024,esophagitis,523,134,914,501
esophagitis205.jpg,1280,1024,esophagitis,527,527,913,838
esophagitis206.jpg,1280,1024,esophagitis,481,685,818,973
esophagitis207.jpg,1920,1072,esophagitis,1471,508,1764,824
esophagitis208.jpg,1280,1024,esophagitis,901,468,1198,767
esophagitis209.jpg,1280,1024,esophagitis,637,152,1013,449
esophagitis21.jpg,1280,1024,esophagitis,697,325,1017,671
esophagitis210.jpg,1280,1024,esophagitis,489,495,912,785
esophagitis211.jpg,1280,1024,esophagitis,330,227,691,513
esophagitis212.jpg,720,576,esophagitis,282,204,479,350
esophagitis213.jpg,1280,1024,esophagitis,175,366,519,655
esophagitis214.jpg,1280,1024,esophagitis,698,467,1063,792
esophagitis215.jpg,1920,1072,esophagitis,598,82,995,388
esophagitis216.jpg,1920,1072,esophagitis,1099,620,1555,952
esophagitis217.jpg,1280,1024,esophagitis,759,17,1090,268
esophagitis218.jpg,1280,1024,esophagitis,661,460,1082,765
esophagitis219.jpg,720,576,esophagitis,406,268,583,465
esophagitis22.jpg,1280,1024,esophagitis,580,656,871,921
esophagitis220.jpg,1280,1024,esophagitis,676,656,1041,933
esophagitis221.jpg,1280,1024,esophagitis,641,427,967,773
esophagitis222.jpg,1280,1024,esophagitis,596,417,929,687
esophagitis223.jpg,1280,1024,esophagitis,624,189,968,465
esophagitis224.jpg,1280,1024,esophagitis,247,301,518,615
esophagitis225.jpg,1280,1024,esophagitis,607,361,920,655
esophagitis226.jpg,1280,1024,esophagitis,218,180,512,542
esophagitis227.jpg,1280,1024,esophagitis,157,75,441,336
esophagitis228.jpg,720,576,esophagitis,352,395,530,541
esophagitis229.jpg,1280,1024,esophagitis,621,90,952,364
esophagitis23.jpg,1280,1024,esophagitis,393,599,781,897
esophagitis230.jpg,1280,1024,esophagitis,781,494,1068,750
esophagitis231.jpg,1920,1072,esophagitis,716,601,1115,944
esophagitis232.jpg,720,576,esophagitis,277,364,473,514
esophagitis233.jpg,1920,1072,esophagitis,800,702,1238,1058
esophagitis234.jpg,1280,1024,esophagitis,203,714,546,1012
esophagitis235.jpg,1280,1024,esophagitis,412,362,770,677
esophagitis236.jpg,1280,1024,esophagitis,265,86,609,436
esophagitis237.jpg,1280,1024,esophagitis,553,512,882,787
esophagitis238.jpg,1920,1072,esophagitis,1183,2,1579,355
esophagitis239.jpg,1280,1024,esophagitis,398,701,773,1011
esophagitis24.jpg,720,576,esophagitis,369,83,567,236
esophagitis240.jpg,1280,1024,esophagitis,386,65,725,410
esophagitis25.jpg,1280,1024,esophagitis,552,294,932,600
esophagitis26.jpg,1280,1024,esophagitis,650,302,1007,585
esophagitis27.jpg,720,576,esophagitis,172,342,309,446
esophagitis28.jpg,1280,1024,esophagitis,514,658,824,976
esophagitis29.jpg,1280,1024,esophagitis,652,100,1008,417
esophagitis3.jpg,1280,1024,esophagitis,952,579,1214,752
esophagitis30.jpg,1280,1024,esophagitis,681,449,1059,731
esophagitis31.jpg,1280,1024,esophagitis,666,440,1013,702
esophagitis32.jpg,1280,1024,esophagitis,449,90,802,379
esophagitis33.jpg,1280,1024,esophagitis,431,236,838,536
esophagitis34.jpg,1280,1024,esophagitis,553,461,932,846
esophagitis35.jpg,1280,1024,esophagitis,388,413,662,758
esophagitis36.jpg,1280,1024,esophagitis,479,540,804,764
esophagitis37.jpg,1280,1024,esophagitis,69,377,388,653
esophagitis38.jpg,1280,1024,esophagitis,841,387,1175,644
esophagitis39.jpg,720,576,esophagitis,494,194,669,342
esophagitis4.jpg,1280,1024,esophagitis,771,646,1115,862
esophagitis40.jpg,1280,1024,esophagitis,762,332,1135,625
esophagitis41.jpg,1280,1024,esophagitis,719,389,1091,659
esophagitis42.jpg,1280,1024,esophagitis,338,290,703,579
esophagitis43.jpg,1280,1024,esophagitis,318,537,708,867
esophagitis44.jpg,1280,1024,esophagitis,280,314,655,613
esophagitis45.jpg,1280,1024,esophagitis,497,487,862,763
esophagitis46.jpg,1280,1024,esophagitis,484,112,875,383
esophagitis47.jpg,1280,1024,esophagitis,558,501,950,779
esophagitis48.jpg,1280,1024,esophagitis,209,49,527,259
esophagitis49.jpg,1920,1072,esophagitis,1244,127,1673,531
esophagitis5.jpg,720,576,esophagitis,269,334,489,496
esophagitis50.jpg,1280,1024,esophagitis,173,504,477,909
esophagitis51.jpg,1280,1024,esophagitis,920,344,1180,693
esophagitis52.jpg,1280,1024,esophagitis,342,531,678,873
esophagitis53.jpg,1920,1072,esophagitis,1078,24,1453,427
esophagitis54.jpg,1280,1024,esophagitis,641,449,952,762
esophagitis55.jpg,1280,1024,esophagitis,422,141,787,436
esophagitis56.jpg,1280,1024,esophagitis,542,420,844,713
esophagitis57.jpg,1280,1024,esophagitis,424,412,791,719
esophagitis58.jpg,1280,1024,esophagitis,743,172,1098,482
esophagitis59.jpg,1280,1024,esophagitis,388,472,829,754
esophagitis6.jpg,1280,1024,esophagitis,550,32,879,267
esophagitis60.jpg,1280,1024,esophagitis,491,364,875,710
esophagitis61.jpg,1920,1072,esophagitis,1140,92,1609,448
esophagitis62.jpg,720,576,esophagitis,427,261,608,401
esophagitis63.jpg,1280,1024,esophagitis,860,161,1171,492
esophagitis64.jpg,1280,1024,esophagitis,366,162,735,465
esophagitis65.jpg,1280,1024,esophagitis,698,706,1083,999
esophagitis66.jpg,1280,1024,esophagitis,534,402,892,723
esophagitis67.jpg,1280,1024,esophagitis,664,116,1104,518
esophagitis68.jpg,1280,1024,esophagitis,871,264,1227,650
esophagitis69.jpg,1280,1024,esophagitis,450,506,833,860
esophagitis7.jpg,1280,1024,esophagitis,705,362,1033,631
esophagitis70.jpg,1280,1024,esophagitis,753,255,1086,610
esophagitis71.jpg,1280,1024,esophagitis,689,537,1002,870
esophagitis72.jpg,1280,1024,esophagitis,548,111,952,438
esophagitis73.jpg,1920,1072,esophagitis,1199,513,1669,900
esophagitis74.jpg,1280,1024,esophagitis,468,553,781,922
esophagitis75.jpg,1280,1024,esophagitis,363,527,768,860
esophagitis76.jpg,1280,1024,esophagitis,634,64,1082,399
esophagitis77.jpg,1280,1024,esophagitis,538,28,920,318
esophagitis78.jpg,1280,1024,esophagitis,108,262,408,526
esophagitis79.jpg,1280,1024,esophagitis,643,539,1005,781
esophagitis8.jpg,1280,1024,esophagitis,634,580,954,825
esophagitis80.jpg,1280,1024,esophagitis,715,96,1007,351
esophagitis81.jpg,1280,1024,esophagitis,133,180,487,450
esophagitis82.jpg,1280,1024,esophagitis,571,545,949,850
esophagitis83.jpg,1280,1024,esophagitis,418,203,771,537
esophagitis84.jpg,1280,1024,esophagitis,562,601,928,870
esophagitis85.jpg,1280,1024,esophagitis,900,75,1198,419
esophagitis86.jpg,1280,1024,esophagitis,612,500,1018,799
esophagitis87.jpg,1280,1024,esophagitis,764,43,1098,331
esophagitis88.jpg,1280,1024,esophagitis,389,491,752,826
esophagitis89.jpg,1280,1024,esophagitis,609,512,935,859
esophagitis9.jpg,1280,1024,esophagitis,668,488,968,702
esophagitis90.jpg,1280,1024,esophagitis,503,392,892,673
esophagitis91.jpg,1280,1024,esophagitis,149,548,548,869
esophagitis92.jpg,1280,1024,esophagitis,267,402,655,672
esophagitis93.jpg,1280,1024,esophagitis,730,87,1002,392
esophagitis94.jpg,1280,1024,esophagitis,532,488,962,805
esophagitis95.jpg,1280,1024,esophagitis,266,715,668,1005
esophagitis96.jpg,1280,1024,esophagitis,419,515,792,810
esophagitis97.jpg,1280,1024,esophagitis,642,539,1025,843
esophagitis98.jpg,1280,1024,esophagitis,457,97,758,418
esophagitis99.jpg,1280,1024,esophagitis,958,182,1234,506
polyps1.jpg,720,576,polyps,157,182,414,375
polyps10.jpg,720,576,polyps,260,82,484,288
polyps100.jpg,720,576,polyps,169,132,344,386
polyps101.jpg,720,576,polyps,423,180,672,437
polyps102.jpg,720,576,polyps,291,170,481,367
polyps103.jpg,720,576,polyps,214,182,437,401
polyps104.jpg,1280,1024,polyps,212,63,975,819
polyps105.jpg,720,576,polyps,175,26,488,288
polyps106.jpg,1280,1024,polyps,30,215,809,994
polyps107.jpg,720,576,polyps,275,218,491,421
polyps108.jpg,720,576,polyps,336,233,583,476
polyps109.jpg,720,576,polyps,338,210,531,355
polyps11.jpg,720,576,polyps,216,134,525,451
polyps110.jpg,720,576,polyps,135,285,441,516
polyps111.jpg,720,576,polyps,295,168,617,498
polyps112.jpg,720,576,polyps,157,148,257,262
polyps113.jpg,720,576,polyps,401,268,536,415
polyps114.jpg,720,576,polyps,317,124,554,354
polyps115.jpg,720,576,polyps,341,71,560,334
polyps116.jpg,720,576,polyps,154,177,535,555
polyps117.jpg,720,576,polyps,341,181,617,477
polyps118.jpg,720,576,polyps,297,199,472,392
polyps119.jpg,1920,1072,polyps,827,214,1629,1009
polyps12.jpg,720,576,polyps,144,154,477,544
polyps120.jpg,720,576,polyps,453,55,579,179
polyps121.jpg,720,576,polyps,277,141,639,555
polyps122.jpg,1920,1072,polyps,544,794,927,1067
polyps123.jpg,720,576,polyps,554,210,665,385
polyps124.jpg,720,576,polyps,220,114,441,342
polyps125.jpg,720,576,polyps,85,186,273,365
polyps126.jpg,720,576,polyps,442,192,670,550
polyps127.jpg,720,576,polyps,199,274,403,500
polyps128.jpg,720,576,polyps,312,150,460,289
polyps129.jpg,720,576,polyps,399,280,596,485
polyps13.jpg,720,576,polyps,87,266,278,465
polyps130.jpg,720,576,polyps,237,269,523,551
polyps131.jpg,720,576,polyps,257,83,650,491
polyps132.jpg,720,576,polyps,332,71,542,245
polyps133.jpg,720,576,polyps,339,68,594,404
polyps134.jpg,720,576,polyps,264,25,596,295
polyps135.jpg,720,576,polyps,139,130,424,422
polyps136.jpg,720,576,polyps,261,203,648,501
polyps137.jpg,720,576,polyps,202,199,444,421
polyps138.jpg,720,576,polyps,482,54,670,356
polyps139.jpg,720,576,polyps,271,145,495,361
polyps14.jpg,720,576,polyps,259,288,449,496
polyps140.jpg,720,576,polyps,396,259,519,425
polyps141.jpg,720,576,polyps,141,93,551,501
polyps142.jpg,720,576,polyps,287,128,526,368
polyps143.jpg,720,576,polyps,288,245,546,481
polyps144.jpg,720,576,polyps,284,245,466,462
polyps145.jpg,720,576,polyps,174,142,395,367
polyps146.jpg,720,576,polyps,343,217,573,518
polyps147.jpg,720,576,polyps,157,281,374,478
polyps148.jpg,720,576,polyps,265,174,387,326
polyps149.jpg,720,576,polyps,217,328,417,536
polyps15.jpg,720,576,polyps,172,101,419,412
polyps150.jpg,720,576,polyps,348,155,517,370
polyps151.jpg,720,576,polyps,395,144,632,492
polyps152.jpg,720,576,polyps,196,206,426,437
polyps153.jpg,720,576,polyps,359,222,578,468
polyps154.jpg,720,576,polyps,264,87,427,265
polyps155.jpg,720,576,polyps,232,210,429,465
polyps156.jpg,720,576,polyps,202,179,293,310
polyps157.jpg,720,576,polyps,309,113,453,271
polyps158.jpg,720,576,polyps,146,33,569,429
polyps159.jpg,720,576,polyps,129,262,431,552
polyps16.jpg,720,576,polyps,166,262,302,393
polyps160.jpg,720,576,polyps,240,86,529,467
polyps161.jpg,720,576,polyps,449,282,591,462
polyps162.jpg,720,576,polyps,354,244,485,391
polyps163.jpg,720,576,polyps,130,258,301,410
polyps164.jpg,720,576,polyps,376,308,505,442
polyps165.jpg,720,576,polyps,355,228,575,472
polyps166.jpg,720,576,polyps,252,72,636,452
polyps167.jpg,720,576,polyps,227,156,390,409
polyps168.jpg,720,576,polyps,281,210,460,371
polyps169.jpg,720,576,polyps,398,143,578,313
polyps17.jpg,720,576,polyps,182,198,354,371
polyps170.jpg,720,576,polyps,96,198,386,444
polyps171.jpg,720,576,polyps,417,142,597,385
polyps172.jpg,720,576,polyps,184,93,357,243
polyps173.jpg,720,576,polyps,107,48,500,543
polyps174.jpg,720,576,polyps,181,206,415,355
polyps175.jpg,720,576,polyps,376,315,482,431
polyps176.jpg,720,576,polyps,320,158,521,374
polyps177.jpg,720,576,polyps,137,421,300,553
polyps178.jpg,720,576,polyps,350,132,635,422
polyps179.jpg,1920,1072,polyps,896,462,1436,1030
polyps18.jpg,720,576,polyps,487,64,618,198
polyps180.jpg,720,576,polyps,424,354,588,529
polyps181.jpg,720,576,polyps,479,180,663,428
polyps182.jpg,720,576,polyps,261,240,430,464
polyps183.jpg,720,576,polyps,244,261,430,459
polyps184.jpg,720,576,polyps,319,167,523,396
polyps185.jpg,720,576,polyps,192,143,385,343
polyps186.jpg,720,576,polyps,193,133,457,388
polyps187.jpg,720,576,polyps,334,139,672,465
polyps188.jpg,720,576,polyps,332,130,507,298
polyps189.jpg,720,576,polyps,164,209,329,392
polyps19.jpg,720,576,polyps,241,231,442,480
polyps190.jpg,720,576,polyps,248,84,318,165
polyps191.jpg,720,576,polyps,269,102,605,449
polyps192.jpg,720,576,polyps,348,255,489,409
polyps193.jpg,720,576,polyps,227,131,355,247
polyps194.jpg,720,576,polyps,400,383,585,533
polyps195.jpg,720,576,polyps,443,142,545,255
polyps196.jpg,720,576,polyps,453,172,599,351
polyps197.jpg,720,576,polyps,368,207,490,333
polyps198.jpg,720,576,polyps,307,290,608,538
polyps199.jpg,720,576,polyps,233,58,388,191
polyps2.jpg,720,576,polyps,351,278,484,416
polyps20.jpg,720,576,polyps,178,68,623,362
polyps200.jpg,720,576,polyps,406,86,574,253
polyps201.jpg,1920,1072,polyps,651,360,1340,880
polyps202.jpg,720,576,polyps,221,214,316,318
polyps203.jpg,720,576,polyps,291,31,487,189
polyps204.jpg,720,576,polyps,48,25,360,453
polyps205.jpg,720,576,polyps,344,215,516,407
polyps206.jpg,720,576,polyps,374,83,495,176
polyps207.jpg,720,576,polyps,399,166,670,542
polyps208.jpg,720,576,polyps,385,92,559,213
polyps209.jpg,720,576,polyps,170,68,623,495
polyps21.jpg,720,576,polyps,266,193,517,472
polyps210.jpg,720,576,polyps,259,209,449,518
polyps211.jpg,720,576,polyps,267,58,382,162
polyps212.jpg,720,576,polyps,205,115,472,324
polyps213.jpg,720,576,polyps,323,300,450,470
polyps214.jpg,720,576,polyps,287,137,536,333
polyps215.jpg,720,576,polyps,301,224,594,485
polyps216.jpg,720,576,polyps,160,104,371,345
polyps217.jpg,720,576,polyps,314,352,441,474
polyps218.jpg,720,576,polyps,323,288,439,403
polyps219.jpg,720,576,polyps,307,116,476,406
polyps22.jpg,720,576,polyps,206,169,495,430
polyps220.jpg,720,576,polyps,226,122,476,341
polyps221.jpg,720,576,polyps,403,156,642,491
polyps222.jpg,720,576,polyps,239,229,500,503
polyps223.jpg,720,576,polyps,335,398,509,552
polyps224.jpg,720,576,polyps,196,88,541,415
polyps225.jpg,720,576,polyps,268,97,571,417
polyps226.jpg,720,576,polyps,404,130,603,422
polyps227.jpg,720,576,polyps,294,97,468,200
polyps228.jpg,720,576,polyps,389,310,539,439
polyps229.jpg,720,576,polyps,244,175,480,440
polyps23.jpg,720,576,polyps,405,116,643,383
polyps230.jpg,720,576,polyps,454,239,566,391
polyps231.jpg,720,576,polyps,278,182,418,358
polyps232.jpg,1920,1072,polyps,639,435,887,665
polyps233.jpg,720,576,polyps,316,292,590,504
polyps234.jpg,720,576,polyps,337,44,672,463
polyps235.jpg,720,576,polyps,287,236,505,503
polyps236.jpg,720,576,polyps,371,127,566,343
polyps237.jpg,720,576,polyps,309,222,491,445
polyps238.jpg,720,576,polyps,160,197,338,398
polyps239.jpg,720,576,polyps,172,160,378,394
polyps24.jpg,720,576,polyps,439,273,594,440
polyps240.jpg,720,576,polyps,474,320,620,490
polyps25.jpg,720,576,polyps,368,187,503,346
polyps26.jpg,720,576,polyps,322,214,508,367
polyps27.jpg,720,576,polyps,239,25,498,253
polyps28.jpg,720,576,polyps,278,101,620,535
polyps29.jpg,720,576,polyps,253,221,549,492
polyps3.jpg,720,576,polyps,148,349,339,546
polyps30.jpg,720,576,polyps,301,166,524,382
polyps31.jpg,720,576,polyps,307,239,525,536
polyps32.jpg,720,576,polyps,438,155,605,394
polyps33.jpg,720,576,polyps,348,145,602,461
polyps34.jpg,720,576,polyps,332,122,538,367
polyps35.jpg,1920,1072,polyps,1384,98,1806,897
polyps36.jpg,720,576,polyps,453,53,600,224
polyps37.jpg,720,576,polyps,224,106,415,273
polyps38.jpg,720,576,polyps,370,195,645,536
polyps39.jpg,720,576,polyps,202,44,608,495
polyps4.jpg,720,576,polyps,415,167,567,325
polyps40.jpg,1920,1072,polyps,619,169,1450,1044
polyps41.jpg,720,576,polyps,189,87,478,383
polyps42.jpg,720,576,polyps,227,135,626,424
polyps43.jpg,720,576,polyps,64,103,415,506
polyps44.jpg,720,576,polyps,405,145,616,440
polyps45.jpg,720,576,polyps,272,85,588,473
polyps46.jpg,720,576,polyps,262,142,471,351
polyps47.jpg,720,576,polyps,289,31,478,195
polyps48.jpg,720,576,polyps,180,152,498,482
polyps49.jpg,720,576,polyps,449,264,634,519
polyps5.jpg,720,576,polyps,157,90,355,260
polyps50.jpg,720,576,polyps,326,133,664,514
polyps51.jpg,720,576,polyps,315,240,503,462
polyps52.jpg,720,576,polyps,336,256,644,530
polyps53.jpg,720,576,polyps,215,265,542,521
polyps54.jpg,720,576,polyps,173,97,420,312
polyps55.jpg,720,576,polyps,189,179,438,400
polyps56.jpg,720,576,polyps,380,101,668,449
polyps57.jpg,720,576,polyps,227,119,444,343
polyps58.jpg,720,576,polyps,228,237,490,459
polyps59.jpg,720,576,polyps,308,319,459,491
polyps6.jpg,720,576,polyps,217,76,521,315
polyps60.jpg,720,576,polyps,242,77,429,283
polyps61.jpg,720,576,polyps,275,26,678,460
polyps62.jpg,720,576,polyps,275,64,379,197
polyps63.jpg,720,576,polyps,423,139,646,381
polyps64.jpg,720,576,polyps,372,139,574,349
polyps65.jpg,720,576,polyps,267,333,487,527
polyps66.jpg,720,576,polyps,403,220,654,448
polyps67.jpg,720,576,polyps,317,112,637,441
polyps68.jpg,720,576,polyps,295,198,548,488
polyps69.jpg,720,576,polyps,284,307,459,482
polyps7.jpg,720,576,polyps,398,256,644,535
polyps70.jpg,720,576,polyps,208,247,581,556
polyps71.jpg,720,576,polyps,354,213,671,562
polyps72.jpg,720,576,polyps,332,247,579,515
polyps73.jpg,720,576,polyps,204,152,463,428
polyps74.jpg,720,576,polyps,380,169,608,462
polyps75.jpg,720,576,polyps,218,201,414,413
polyps76.jpg,1920,1072,polyps,606,195,1411,854
polyps77.jpg,720,576,polyps,401,227,571,421
polyps78.jpg,720,576,polyps,484,285,625,452
polyps79.jpg,720,576,polyps,161,124,535,486
polyps8.jpg,1280,1024,polyps,275,410,679,811
polyps80.jpg,720,576,polyps,195,16,600,519
polyps81.jpg,720,576,polyps,390,188,560,382
polyps82.jpg,720,576,polyps,269,24,632,298
polyps83.jpg,720,576,polyps,313,217,472,397
polyps84.jpg,720,576,polyps,358,23,558,285
polyps85.jpg,720,576,polyps,241,200,524,482
polyps86.jpg,720,576,polyps,366,109,602,362
polyps87.jpg,720,576,polyps,348,25,676,453
polyps88.jpg,720,576,polyps,142,97,411,354
polyps89.jpg,720,576,polyps,455,324,633,522
polyps9.jpg,720,576,polyps,194,116,560,477
polyps90.jpg,720,576,polyps,341,230,662,442
polyps91.jpg,720,576,polyps,378,149,520,307
polyps92.jpg,720,576,polyps,300,240,563,542
polyps93.jpg,720,576,polyps,226,337,403,486
polyps94.jpg,720,576,polyps,345,148,499,294
polyps95.jpg,720,576,polyps,268,316,550,561
polyps96.jpg,720,576,polyps,366,198,628,494
polyps97.jpg,720,576,polyps,293,112,645,555
polyps98.jpg,720,576,polyps,317,207,454,337
polyps99.jpg,720,576,polyps,312,167,499,393
uc1.jpg,720,576,ulcerative colitis,422,429,588,549
uc10.jpg,720,576,ulcerative colitis,218,88,375,242
uc100.jpg,720,576,ulcerative colitis,216,177,396,351
uc101.jpg,720,576,ulcerative colitis,218,90,394,242
uc102.jpg,720,576,ulcerative colitis,409,299,593,489
uc103.jpg,720,576,ulcerative colitis,352,308,542,462
uc104.jpg,1280,1024,ulcerative colitis,788,626,1126,945
uc105.jpg,1350,1080,ulcerative colitis,742,565,1061,908
uc106.jpg,720,576,ulcerative colitis,215,75,415,260
uc107.jpg,720,576,ulcerative colitis,321,339,509,518
uc108.jpg,720,576,ulcerative colitis,432,294,595,469
uc109.jpg,720,576,ulcerative colitis,153,46,331,199
uc11.jpg,1920,1072,ulcerative colitis,841,70,1221,419
uc110.jpg,720,576,ulcerative colitis,213,336,411,516
uc111.jpg,720,576,ulcerative colitis,314,42,503,212
uc112.jpg,720,576,ulcerative colitis,394,364,575,519
uc113.jpg,720,576,ulcerative colitis,246,113,442,294
uc114.jpg,720,576,ulcerative colitis,235,422,400,548
uc115.jpg,720,576,ulcerative colitis,311,344,515,514
uc116.jpg,720,576,ulcerative colitis,240,71,388,204
uc117.jpg,720,576,ulcerative colitis,449,109,627,275
uc118.jpg,720,576,ulcerative colitis,254,70,436,235
uc119.jpg,720,576,ulcerative colitis,106,307,252,476
uc12.jpg,720,576,ulcerative colitis,423,184,596,363
uc120.jpg,720,576,ulcerative colitis,341,269,494,410
uc121.jpg,720,576,ulcerative colitis,218,264,382,396
uc122.jpg,720,576,ulcerative colitis,294,179,490,344
uc123.jpg,720,576,ulcerative colitis,432,371,597,521
uc124.jpg,720,576,ulcerative colitis,395,191,559,348
uc125.jpg,720,576,ulcerative colitis,226,66,385,214
uc126.jpg,720,576,ulcerative colitis,269,327,459,522
uc127.jpg,720,576,ulcerative colitis,389,130,563,269
uc128.jpg,720,576,ulcerative colitis,191,85,384,249
uc129.jpg,720,576,ulcerative colitis,392,191,585,356
uc13.jpg,720,576,ulcerative colitis,378,322,561,494
uc130.jpg,720,576,ulcerative colitis,253,85,421,243
uc131.jpg,720,576,ulcerative colitis,333,355,508,525
uc132.jpg,720,576,ulcerative colitis,354,55,552,217
uc133.jpg,720,576,ulcerative colitis,330,181,484,322
uc134.jpg,720,576,ulcerative colitis,338,407,505,534
uc135.jpg,720,576,ulcerative colitis,288,390,472,549
uc136.jpg,720,576,ulcerative colitis,162,237,342,415
uc137.jpg,720,576,ulcerative colitis,388,206,559,364
uc138.jpg,720,576,ulcerative colitis,314,244,469,392
uc139.jpg,720,576,ulcerative colitis,386,416,536,550
uc14.jpg,720,576,ulcerative colitis,325,244,514,409
uc140.jpg,720,576,ulcerative colitis,454,215,610,397
uc141.jpg,720,576,ulcerative colitis,408,277,591,439
uc142.jpg,720,576,ulcerative colitis,266,338,463,499
uc143.jpg,720,576,ulcerative colitis,339,277,518,449
uc144.jpg,720,576,ulcerative colitis,142,32,287,158
uc145.jpg,720,576,ulcerative colitis,225,62,438,228
uc146.jpg,720,576,ulcerative colitis,482,269,654,427
uc147.jpg,720,576,ulcerative colitis,252,382,442,551
uc148.jpg,720,576,ulcerative colitis,291,25,474,168
uc149.jpg,720,576,ulcerative colitis,241,40,442,210
uc15.jpg,720,576,ulcerative colitis,244,150,434,331
uc150.jpg,720,576,ulcerative colitis,310,314,495,472
uc151.jpg,720,576,ulcerative colitis,157,364,334,523
uc152.jpg,720,576,ulcerative colitis,276,103,488,280
uc153.jpg,720,576,ulcerative colitis,421,216,611,384
uc154.jpg,720,576,ulcerative colitis,219,19,433,173
uc155.jpg,720,576,ulcerative colitis,318,206,536,404
uc156.jpg,720,576,ulcerative colitis,531,154,672,316
uc157.jpg,720,576,ulcerative colitis,268,394,444,544
uc158.jpg,720,576,ulcerative colitis,385,169,589,327
uc159.jpg,720,576,ulcerative colitis,172,338,379,503
uc16.jpg,720,576,ulcerative colitis,206,295,396,482
uc160.jpg,720,576,ulcerative colitis,305,66,466,185
uc161.jpg,720,576,ulcerative colitis,372,207,558,368
uc162.jpg,720,576,ulcerative colitis,446,191,644,350
uc163.jpg,720,576,ulcerative colitis,347,104,545,273
uc164.jpg,720,576,ulcerative colitis,392,145,598,331
uc165.jpg,720,576,ulcerative colitis,328,203,553,431
uc166.jpg,720,576,ulcerative colitis,486,261,654,430
uc167.jpg,720,576,ulcerative colitis,282,198,472,401
uc168.jpg,720,576,ulcerative colitis,246,337,469,552
uc169.jpg,720,576,ulcerative colitis,208,91,398,269
uc17.jpg,720,576,ulcerative colitis,351,325,568,498
uc170.jpg,720,576,ulcerative colitis,476,172,651,365
uc171.jpg,720,576,ulcerative colitis,392,48,567,212
uc172.jpg,720,576,ulcerative colitis,401,28,570,200
uc173.jpg,720,576,ulcerative colitis,327,39,500,225
uc174.jpg,720,576,ulcerative colitis,369,206,550,391
uc175.jpg,720,576,ulcerative colitis,319,96,500,278
uc176.jpg,720,576,ulcerative colitis,295,91,469,262
uc177.jpg,720,576,ulcerative colitis,413,57,592,240
uc178.jpg,720,576,ulcerative colitis,368,40,549,212
uc179.jpg,720,576,ulcerative colitis,102,294,285,480
uc18.jpg,720,576,ulcerative colitis,288,107,457,264
uc180.jpg,720,576,ulcerative colitis,199,355,356,501
uc181.jpg,720,576,ulcerative colitis,272,25,461,186
uc182.jpg,720,576,ulcerative colitis,246,76,413,248
uc183.jpg,720,576,ulcerative colitis,236,25,450,198
uc184.jpg,720,576,ulcerative colitis,198,225,369,416
uc185.jpg,720,576,ulcerative colitis,392,158,604,361
uc186.jpg,720,576,ulcerative colitis,222,108,405,293
uc187.jpg,720,576,ulcerative colitis,434,80,624,286
uc188.jpg,720,576,ulcerative colitis,242,128,461,350
uc189.jpg,720,576,ulcerative colitis,298,64,507,280
uc19.jpg,720,576,ulcerative colitis,221,147,386,291
uc190.jpg,720,576,ulcerative colitis,255,316,473,502
uc191.jpg,720,576,ulcerative colitis,424,71,622,285
uc192.jpg,720,576,ulcerative colitis,330,404,548,561
uc193.jpg,720,576,ulcerative colitis,340,252,544,425
uc194.jpg,720,576,ulcerative colitis,194,54,372,231
uc195.jpg,720,576,ulcerative colitis,297,128,487,303
uc196.jpg,720,576,ulcerative colitis,325,153,486,324
uc197.jpg,720,576,ulcerative colitis,311,116,513,282
uc198.jpg,720,576,ulcerative colitis,279,67,458,242
uc199.jpg,720,576,ulcerative colitis,151,151,330,327
uc2.jpg,720,576,ulcerative colitis,444,229,569,348
uc20.jpg,720,576,ulcerative colitis,220,279,384,410
uc200.jpg,720,576,ulcerative colitis,251,62,421,218
uc201.jpg,720,576,ulcerative colitis,419,248,614,442
uc202.jpg,720,576,ulcerative colitis,270,282,458,439
uc203.jpg,720,576,ulcerative colitis,426,288,621,477
uc204.jpg,720,576,ulcerative colitis,196,123,384,304
uc205.jpg,720,576,ulcerative colitis,370,313,569,501
uc206.jpg,720,576,ulcerative colitis,385,310,573,476
uc207.jpg,720,576,ulcerative colitis,432,134,611,309
uc208.jpg,720,576,ulcerative colitis,387,83,582,245
uc209.jpg,720,576,ulcerative colitis,367,265,551,417
uc21.jpg,720,576,ulcerative colitis,235,321,430,502
uc210.jpg,720,576,ulcerative colitis,305,71,524,260
uc211.jpg,720,576,ulcerative colitis,271,409,442,555
uc212.jpg,720,576,ulcerative colitis,290,330,462,505
uc213.jpg,720,576,ulcerative colitis,292,302,473,467
uc214.jpg,720,576,ulcerative colitis,423,118,623,292
uc215.jpg,720,576,ulcerative colitis,487,95,636,251
uc216.jpg,720,576,ulcerative colitis,372,131,532,262
uc217.jpg,720,576,ulcerative colitis,342,53,529,209
uc218.jpg,720,576,ulcerative colitis,179,79,359,246
uc219.jpg,720,576,ulcerative colitis,501,222,654,409
uc22.jpg,720,576,ulcerative colitis,273,335,447,502
uc220.jpg,720,576,ulcerative colitis,270,209,449,381
uc221.jpg,720,576,ulcerative colitis,237,368,430,539
uc222.jpg,720,576,ulcerative colitis,384,315,554,474
uc223.jpg,720,576,ulcerative colitis,176,390,364,550
uc224.jpg,720,576,ulcerative colitis,304,217,518,392
uc225.jpg,720,576,ulcerative colitis,285,236,494,424
uc226.jpg,720,576,ulcerative colitis,291,339,491,530
uc227.jpg,720,576,ulcerative colitis,463,133,639,315
uc228.jpg,720,576,ulcerative colitis,278,368,484,552
uc229.jpg,720,576,ulcerative colitis,385,410,563,548
uc23.jpg,720,576,ulcerative colitis,437,35,581,208
uc230.jpg,720,576,ulcerative colitis,287,134,480,325
uc231.jpg,720,576,ulcerative colitis,214,283,387,435
uc232.jpg,720,576,ulcerative colitis,354,304,547,471
uc233.jpg,720,576,ulcerative colitis,358,17,557,195
uc234.jpg,720,576,ulcerative colitis,285,349,505,540
uc235.jpg,720,576,ulcerative colitis,258,322,482,524
uc236.jpg,720,576,ulcerative colitis,96,293,278,470
uc237.jpg,720,576,ulcerative colitis,446,93,642,287
uc238.jpg,720,576,ulcerative colitis,247,258,450,461
uc239.jpg,720,576,ulcerative colitis,371,50,582,237
uc24.jpg,720,576,ulcerative colitis,197,397,352,544
uc240.jpg,720,576,ulcerative colitis,213,263,447,445
uc25.jpg,720,576,ulcerative colitis,226,441,385,551
uc26.jpg,720,576,ulcerative colitis,215,112,382,290
uc27.jpg,720,576,ulcerative colitis,293,262,469,416
uc28.jpg,720,576,ulcerative colitis,203,248,370,401
uc29.jpg,720,576,ulcerative colitis,269,255,458,452
uc3.jpg,720,576,ulcerative colitis,488,118,615,276
uc30.jpg,720,576,ulcerative colitis,363,142,553,323
uc31.jpg,720,576,ulcerative colitis,267,174,458,337
uc32.jpg,720,576,ulcerative colitis,281,95,453,261
uc33.jpg,720,576,ulcerative colitis,389,264,572,428
uc34.jpg,720,576,ulcerative colitis,246,206,424,371
uc35.jpg,720,576,ulcerative colitis,277,329,446,489
uc36.jpg,720,576,ulcerative colitis,205,105,357,273
uc37.jpg,720,576,ulcerative colitis,213,211,370,359
uc38.jpg,720,576,ulcerative colitis,254,225,435,365
uc39.jpg,720,576,ulcerative colitis,468,342,638,482
uc4.jpg,720,576,ulcerative colitis,298,294,490,457
uc40.jpg,720,576,ulcerative colitis,266,61,447,200
uc41.jpg,720,576,ulcerative colitis,290,42,508,231
uc42.jpg,720,576,ulcerative colitis,398,56,591,226
uc43.jpg,720,576,ulcerative colitis,388,59,597,245
uc44.jpg,720,576,ulcerative colitis,249,94,472,257
uc45.jpg,720,576,ulcerative colitis,219,325,393,486
uc46.jpg,720,576,ulcerative colitis,400,48,563,195
uc47.jpg,720,576,ulcerative colitis,107,173,258,324
uc48.jpg,720,576,ulcerative colitis,336,345,520,501
uc49.jpg,720,576,ulcerative colitis,232,88,419,239
uc5.jpg,720,576,ulcerative colitis,325,217,532,358
uc50.jpg,720,576,ulcerative colitis,263,215,454,374
uc51.jpg,720,576,ulcerative colitis,181,59,379,224
uc52.jpg,720,576,ulcerative colitis,392,180,554,324
uc53.jpg,720,576,ulcerative colitis,369,389,550,536
uc54.jpg,720,576,ulcerative colitis,462,136,619,289
uc55.jpg,720,576,ulcerative colitis,366,69,568,230
uc56.jpg,720,576,ulcerative colitis,495,221,669,378
uc57.jpg,720,576,ulcerative colitis,226,391,415,553
uc58.jpg,720,576,ulcerative colitis,306,293,481,443
uc59.jpg,720,576,ulcerative colitis,423,307,599,470
uc6.jpg,720,576,ulcerative colitis,347,186,517,340
uc60.jpg,720,576,ulcerative colitis,311,397,509,551
uc61.jpg,720,576,ulcerative colitis,293,201,507,369
uc62.jpg,720,576,ulcerative colitis,398,67,563,222
uc63.jpg,720,576,ulcerative colitis,80,266,263,424
uc64.jpg,720,576,ulcerative colitis,155,125,351,279
uc65.jpg,720,576,ulcerative colitis,342,29,539,209
uc66.jpg,720,576,ulcerative colitis,402,361,604,534
uc67.jpg,720,576,ulcerative colitis,255,130,443,283
uc68.jpg,720,576,ulcerative colitis,304,258,518,434
uc69.jpg,720,576,ulcerative colitis,255,139,442,308
uc7.jpg,720,576,ulcerative colitis,278,185,437,302
uc70.jpg,720,576,ulcerative colitis,359,194,542,346
uc71.jpg,720,576,ulcerative colitis,255,400,450,527
uc72.jpg,720,576,ulcerative colitis,234,103,444,291
uc73.jpg,720,576,ulcerative colitis,238,71,423,234
uc74.jpg,720,576,ulcerative colitis,260,146,442,320
uc75.jpg,720,576,ulcerative colitis,439,44,591,223
uc76.jpg,720,576,ulcerative colitis,316,237,466,396
uc77.jpg,720,576,ulcerative colitis,228,127,402,294
uc78.jpg,720,576,ulcerative colitis,260,394,449,560
uc79.jpg,720,576,ulcerative colitis,281,76,472,241
uc8.jpg,720,576,ulcerative colitis,260,324,426,483
uc80.jpg,720,576,ulcerative colitis,253,264,432,402
uc81.jpg,720,576,ulcerative colitis,244,149,432,310
uc82.jpg,720,576,ulcerative colitis,246,139,440,312
uc83.jpg,720,576,ulcerative colitis,274,176,461,316
uc84.jpg,720,576,ulcerative colitis,390,110,551,268
uc85.jpg,720,576,ulcerative colitis,321,347,500,507
uc86.jpg,720,576,ulcerative colitis,404,122,591,298
uc87.jpg,720,576,ulcerative colitis,321,130,511,312
uc88.jpg,720,576,ulcerative colitis,227,70,414,243
uc89.jpg,720,576,ulcerative colitis,425,82,618,252
uc9.jpg,720,576,ulcerative colitis,296,279,467,472
uc90.jpg,720,576,ulcerative colitis,158,298,342,450
uc91.jpg,720,576,ulcerative colitis,290,222,478,381
uc92.jpg,720,576,ulcerative colitis,156,29,312,177
uc93.jpg,720,576,ulcerative colitis,340,223,528,388
uc94.jpg,720,576,ulcerative colitis,245,243,445,388
uc95.jpg,720,576,ulcerative colitis,375,64,549,217
uc96.jpg,720,576,ulcerative colitis,286,29,454,185
uc97.jpg,720,576,ulcerative colitis,377,30,540,169
uc98.jpg,720,576,ulcerative colitis,394,89,557,264
uc99.jpg,720,576,ulcerative colitis,334,240,550,412
